1,2,3,4,5,6,7,8,9,10,a11,a12,a13,a14,a15,16,17,18,19,20
1,2,3,4,5,6,7,8,9,10,a11,a12,a13,a14,a15,16,17,18,19,20
1,2,3,4,5,6,7,8,9,10,a11,a12,a13,a14,a15,16,17,18,19,20
1,2,3,4,5,6,7,8,9,10,a11,a12,a13,a14,a15,16,17,18,19,20
1,2,3,4,5,6,7,8,9,10,a11,a12,a13,a14,a15,16,17,18,19,20
1,2,3,4,5,6,7,8,9,10,a11,a12,a13,a14,a15,16,17,18,19,20
1,2,3,4,5,6,7,8,9,10,a11,a12,a13,a14,a15,16,17,18,19,20
1,2,3,4,5,6,7,8,9,10,a11,a12,a13,a14,a15,16,17,18,19,20
1,2,3,4,5,6,7,8,9,10,a11,a12,a13,a14,a15,16,17,18,19,20
1,2,3,4,5,6,7,8,9,10,a11,a12,a13,a14,a15,16,17,18,19,20
1,2,3,4,5,6,7,8,9,10,a11,a12,a13,a14,a15,16,17,18,19,20
1,2,3,4,5,6,7,8,9,10,a11,a12,a13,a14,a15,16,17,18,19,20
1,2,3,4,5,6,7,8,9,10,a11,a12,a13,a14,a15,16,17,18,19,20
1,2,3,4,5,6,7,8,9,10,a11,a12,a13,a14,a15,16,17,18,19,20
1,2,3,4,5,6,7,8,9,10,a11,a12,a13,a14,a15,16,17,18,19,20
1,2,3,4,5,6,7,8,9,10,a11,a12,a13,a14,a15,16,17,18,19,20
1,2,3,4,5,6,7,8,9,10,a11,a12,a13,a14,a15,16,17,18,19,20
1,2,3,4,5,6,7,8,9,10,a11,a12,a13,a14,a15,16,17,18,19,20
1,2,3,4,5,6,7,8,9,10,a11,a12,a13,a14,a15,16,17,18,19,20
1,2,3,4,5,6,7,8,9,10,a11,a12,a13,a14,a15,16,17,18,19,20
1,2,3,4,5,6,7,8,9,10,a11,a12,a13,a14,a15,16,17,18,19,20
1,2,3,4,5,6,7,8,9,10,a11,a12,a13,a14,a15,16,17,18,19,20
1,2,3,4,5,6,7,8,9,10,a11,a12,a13,a14,a15,16,17,18,19,20
1,2,3,4,5,6,7,8,9,10,a11,a12,a13,a14,a15,16,17,18,19,20
1,2,3,4,5,6,7,8,9,10,a11,a12,a13,a14,a15,16,17,18,19,20
1,2,3,4,5,6,7,8,9,10,a11,a12,a13,a14,a15,16,17,18,19,20
1,2,3,4,5,6,7,8,9,10,a11,a12,a13,a14,a15,16,17,18,19,20
1,2,3,4,5,6,7,8,9,10,a11,a12,a13,a14,a15,16,17,18,19,20
1,2,3,4,5,6,7,8,9,10,a11,a12,a13,a14,a15,16,17,18,19,20
1,2,3,4,5,6,7,8,9,10,a11,a12,a13,a14,a15,16,17,18,19,20
1,2,3,4,5,6,7,8,9,10,a11,a12,a13,a14,a15,16,17,18,19,20
1,2,3,4,5,6,7,8,9,10,a11,a12,a13,a14,a15,16,17,18,19,20
1,2,3,4,5,6,7,8,9,10,a11,a12,a13,a14,a15,16,17,18,19,20
